title,company,location, link
Python Developer Intern,OXO Solutions,"Ruby, SC",https://www.indeed.com/viewjob?jk=84a541c104b5b24c
Python Developer Trainee,Cndro,"Houston, TX",https://www.indeed.com/viewjob?jk=0cf2026f52be6bc9
"Python Software Analyst, Autopilot",Tesla,"Palo Alto, CA",https://www.indeed.com/viewjob?jk=adb0d40a26bd49da
Developer - Python Django,Energy Sense Finance,"Tampa, FL",https://www.indeed.com/viewjob?jk=213f60ab30d8eece
PYTHON SOFTWARE ENGINEER-DEEP LEARNING,InspiHER Tech,United States,https://www.indeed.com/viewjob?jk=3dd6c509667887e7
Data Analyst,Imperfect Foods,Remote,https://www.indeed.com/viewjob?jk=271cc9467034ed11
Python Developer,iknowvate technologies,"Cleveland, OH",https://www.indeed.com/viewjob?jk=554fc016a6ba65ab
Software Engineering Internship,Apple,"Santa Clara Valley, CA",https://www.indeed.com/viewjob?jk=6f4667b07ff6b946
Java / Python Tutors,"SAM Consulting Services, Inc.","New York, NY",https://www.indeed.com/viewjob?jk=6dd414e5bf2653aa
Software Developer Intern - Python/Java,Experian,"San Diego, CA",https://www.indeed.com/viewjob?jk=2c05c4d8f7035d29
Python Developer,Stratus Video,Remote,https://www.indeed.com/viewjob?jk=e9162fa9c4a6bb7e
Full Time Opportunities for Students or Recent Graduates: Data & Applied Sciences,Microsoft,"Redmond, WA",https://www.indeed.com/viewjob?jk=11baba484db23433
Python Developer,Highbrow Technologies,"Bellevue, WA",https://www.indeed.com/viewjob?jk=70912d7ae92ee088
"MACHINE LEARNING ENGINEER - PYTHON, TENSORFLOW",InspiHER Tech,United States,https://www.indeed.com/viewjob?jk=a754b1fae51c41d2
Python & Infrastructure Developer,Phrasee,Remote,https://www.indeed.com/viewjob?jk=c24cd253a1ca330e
Data Analyst I,TMF Health Quality Institute,Remote,https://www.indeed.com/viewjob?jk=9dda0fc63e2dc488
Vietnamese Language Expert M723,Anzu Global,United States,https://www.indeed.com/viewjob?jk=efb5326235f59f5f
Software Engineer - Python,"Dycom Industries, Inc.",Remote,https://www.indeed.com/viewjob?jk=d5d15273ac64aecc
Data Scientist,CollegeVine,Remote,https://www.indeed.com/viewjob?jk=dc3427856fb6c5e2
Data Analyst,"Waitr, Inc.",Louisiana,https://www.indeed.com/viewjob?jk=6c918fabf01411a9
Consulting Professors,Saylor Academy,Remote,https://www.indeed.com/viewjob?jk=edb0eb6a7ba31772
Strategic Fraud Analyst - Remote,American Express,United States,https://www.indeed.com/viewjob?jk=00f2898c5bbdba7b
Python Developer,Callsign Media,"Las Vegas, NV",https://www.indeed.com/viewjob?jk=345e22ca6e583be5
Jr Python Developer,Global Data Management Inc,"Woodbridge, NJ",https://www.indeed.com/viewjob?jk=24185ea11dee3248
Freelance FX Artist,Goodbye Kansas Studios,Remote,https://www.indeed.com/viewjob?jk=bafc6f6c0e665943
PYTHON DEVELOPER,Pythonwise,"Seattle, WA",https://www.indeed.com/viewjob?jk=1a20a1c56fb7df73
Manual Triage Tester,Virtusa,"Fremont, CA",https://www.indeed.com/viewjob?jk=c4c42a03eb44dbf1
"Financial Analyst, Americas Customer Service",Amazon.com Services LLC,Remote,https://www.indeed.com/viewjob?jk=76c31489f5fd00a2
Quantitative Trader - Entry Level,Avatar Securities,"Chicago, IL",https://www.indeed.com/viewjob?jk=d01efa8dad29efdc
Junior Quant,Dexterity Capital,Remote,https://www.indeed.com/viewjob?jk=e1a750ccc83bd177
Python Developer,Qatalys Software Technologies,"Irving, TX",https://www.indeed.com/viewjob?jk=060ec0197eb987e9
Python Developer,CAPCO,"New York, NY",https://www.indeed.com/viewjob?jk=ff6aa54312d72b56
Senior Python Developer,Frontierpay,Remote,https://www.indeed.com/viewjob?jk=249fd45368894066
Turkish Linguist M722,Anzu Global,United States,https://www.indeed.com/viewjob?jk=a16d6b4c2f366268
Intern: Software Engineer (Fall 2020),The Climate Corporation,Remote,https://www.indeed.com/viewjob?jk=b011613422a42839
Python Scripting-Engineer,Wipro Limited,"Santa Clara, CA",https://www.indeed.com/viewjob?jk=a455636d6d12b8f9
Data Technician (Full- or Part-Time),Thasos Group,"New York, NY",https://www.indeed.com/viewjob?jk=da727c0cddda240e
Contract QA Engineer,Linden Lab,Remote,https://www.indeed.com/viewjob?jk=6fa290de4c14a4f1
Python developer,MiaRec,"San Jose, CA",https://www.indeed.com/viewjob?jk=a9d348a3be3717e4
Content Creator,LeetCode,Remote,https://www.indeed.com/viewjob?jk=e94af63cb41ad9b5
Entry Level Data Analyst,Hopjump,"Boston, MA",https://www.indeed.com/viewjob?jk=2532431132ffbda1
Data Analyst,"Edison Software, Inc.","Denver, CO",https://www.indeed.com/viewjob?jk=456f70ef6098a12c
Linux and Windows Administrator,Teramind,Remote,https://www.indeed.com/viewjob?jk=f6b67373b2a38da2
Project Assistant,USC,"Marina del Rey, CA",https://www.indeed.com/viewjob?jk=80e82e3ac9b0ec70
Junior Python Developer,GTS,"New York, NY",https://www.indeed.com/viewjob?jk=f8f068da6dd93fa6
Python Developer,Hash Technologies,"Chicago, IL",https://www.indeed.com/viewjob?jk=bd98658310493e0c
Data Analyst (Full-time),methinks,"Mountain View, CA",https://www.indeed.com/viewjob?jk=12a8bdcec7f1084d
Data Analytics Intern,The Bronx Defenders,"Bronx, NY",https://www.indeed.com/viewjob?jk=ad3d472eb297ee83
Full-Time Opportunities for Students or Recent Graduates: Finance Rotation Program Analyst,Microsoft,"Redmond, WA",https://www.indeed.com/viewjob?jk=1bb9177b40f90043
Python Consultant,RiVi Consulting Group,"Boston, MA",https://www.indeed.com/viewjob?jk=1c0806013059ddd1
